team_id,team_url,fifa_version,fifa_update,update_as_of,team_name,league_id,league_name,league_level,nationality_id,nationality_name,overall,attack,midfield,defence,coach_id,home_stadium,rival_team,international_prestige,domestic_prestige,transfer_budget_eur,club_worth_eur,starting_xi_average_age,whole_team_average_age,captain,short_free_kick,long_free_kick,left_short_free_kick,right_short_free_kick,penalties,left_corner,right_corner,def_style,def_team_width,def_team_depth,def_defence_pressure,def_defence_aggression,def_defence_width,def_defence_defender_line,off_style,off_build_up_play,off_chance_creation,off_team_width,off_players_in_box,off_corners,off_free_kicks,build_up_play_speed,build_up_play_dribbling,build_up_play_passing,build_up_play_positioning,chance_creation_passing,chance_creation_crossing,chance_creation_shooting,chance_creation_positioning
116325,/team/116325/barcelona-w/240002,24,2,2023-09-22,Barcelona W,2222,Primera Division Women,1,45,Spain,86,85,87,86,37577491,El Libertador (La Bombastico),116326,3,2.0,,1000000.0,28.27,24.5,227203,236479,236479.0,236479,227102,236479,236479,227102,Press after possession loss,51,81,,,,,,Slow build up,Possession,61,5,3,3,,,,,,,,
113002,/team/113002/england-w/240002,24,2,2023-09-22,England W,2136,World Cup Women,,14,England,84,85,84,83,35280567,Wembley Stadium,113004,6,,,,26.82,26.57,238257,257001,227254.0,257001,257008,243404,257001,257008,Press after possession loss,71,61,,,,,,Slow build up,Possession,71,4,3,3,,,,,,,,
113004,/team/113004/germany-w/240002,24,2,2023-09-22,Germany W,2136,World Cup Women,,21,Germany,84,87,84,83,35280557,Molton Road (Sheldon Stadium),113002,10,,,,27.45,26.35,226302,233837,233837.0,233837,233837,227337,227337,233838,Press after possession loss,61,61,,,,,,Balanced,Balanced,61,4,3,3,,,,,,,,
113009,/team/113009/united-states-w/240002,24,2,2023-09-22,United States W,2136,World Cup Women,,95,United States,84,86,84,82,37350129,Lumen Field,113000,10,,,,27.09,27.61,231432,243261,243261.0,232075,243261,226301,232075,243261,Press after possession loss,41,51,,,,,,Balanced,Balanced,41,6,3,3,,,,,,,,
116033,/team/116033/olympique-lyonnais-w/240002,24,2,2023-09-22,Olympique Lyonnais W,2218,Feminine Division 1,1,18,France,84,87,83,84,35304616,Groupama Stadium,116034,3,2.0,,1000000.0,27.82,24.33,227316,231432,231432.0,231432,231432,227331,265674,265674,Press after possession loss,61,81,,,,,,Slow build up,Possession,61,5,3,3,,,,,,,,
113003,/team/113003/france-w/240002,24,2,2023-09-22,France W,2136,World Cup Women,,18,France,83,84,83,83,464820,Orange Vélodrome,113004,7,,,,28.0,26.57,227316,265674,227344.0,227344,265674,227361,265674,265674,Press after possession loss,61,61,,,,,,Balanced,Balanced,61,5,3,3,,,,,,,,
115998,/team/115998/wolfsburg-w/240002,24,2,2023-09-22,Wolfsburg W,2215,Bundesliga Women,1,21,Germany,83,87,83,82,10276077,StrongHER Stadium,115997,3,2.0,,1000000.0,26.36,25.11,226302,233838,233838.0,227337,233838,241846,227337,233838,Press after possession loss,61,61,,,,,,Slow build up,Possession,71,5,3,3,,,,,,,,
116009,/team/116009/arsenal-w/240002,24,2,2023-09-22,Arsenal W,2216,Women's Super League,1,14,England,83,84,83,80,15434001,Emirates Stadium,116010,3,2.0,,1000000.0,27.18,25.92,245872,227119,227119.0,239761,227119,239761,239761,227119,Press after possession loss,61,61,,,,,,Slow build up,Possession,81,4,3,3,,,,,,,,
116010,/team/116010/chelsea-w/240002,24,2,2023-09-22,Chelsea W,2216,Women's Super League,1,14,England,83,87,82,83,32431129,Stamford Bridge,116009,3,2.0,,1000000.0,27.0,25.32,238257,227323,227383.0,245882,227323,227323,265249,245882,Press after possession loss,61,61,,,,,,Slow build up,Possession,81,5,3,3,,,,,,,,
113012,/team/113012/spain-w/240002,24,2,2023-09-22,Spain W,2136,World Cup Women,,45,Spain,82,81,84,82,35279765,Wanda Metropolitano,113003,4,,,,25.45,25.3,262457,227192,262457.0,258576,227192,227192,227192,258576,Press after possession loss,51,71,,,,,,Balanced,Balanced,61,4,3,3,,,,,,,,
115995,/team/115995/bayern-munich-w/240002,24,2,2023-09-22,Bayern Munich W,2215,Bundesliga Women,1,21,Germany,82,86,83,80,37468327,Sanderson Park (FIFA 13 NEW generic),115998,3,2.0,,1000000.0,25.91,25.38,233837,233837,243404.0,233837,248822,248822,233837,233837,Balanced,51,51,,,,,,Balanced,Balanced,51,4,3,3,,,,,,,,
113000,/team/113000/canada-w/240002,24,2,2023-09-22,Canada W,2136,World Cup Women,,70,Canada,81,77,80,82,37428117,BC Place Stadium,113009,7,,,,28.09,28.22,226359,227387,227397.0,227387,227397,227392,227397,227387,Balanced,51,51,,,,,,Balanced,Balanced,61,3,3,3,,,,,,,,
113008,/team/113008/sweden-w/240002,24,2,2023-09-22,Sweden W,2136,World Cup Women,,46,Sweden,81,81,81,80,35279752,Stadion Neder,113007,8,,,,29.0,28.61,226988,226973,226998.0,226973,226973,226973,226973,235585,Press after possession loss,61,51,,,,,,Balanced,Balanced,71,4,3,3,,,,,,,,
116034,/team/116034/paris-saint-germain-w/240002,24,2,2023-09-22,Paris Saint Germain W,2218,Feminine Division 1,1,18,France,81,84,80,80,37654887,Parc des Princes,116033,3,2.0,,1000000.0,25.64,24.19,237197,233748,233748.0,233748,233748,246272,233748,261733,Pressure on heavy touch,61,81,,,,,,Slow build up,Possession,61,6,3,3,,,,,,,,
116280,/team/116280/juventus-w/240002,24,2,2023-09-22,Juventus W,603,Serie A Women,1,27,Italy,81,83,80,81,32431138,Juventus Arena,116326,3,2.0,,1000000.0,29.36,26.23,227098,227073,227074.0,227073,266933,227073,266933,227096,Press after possession loss,61,51,,,,,,Balanced,Balanced,61,4,3,3,,,,,,,,
113011,/team/113011/netherlands-w/240002,24,2,2023-09-22,Netherlands W,2136,World Cup Women,,34,Netherlands,80,82,79,80,455803,Johan Cruijff ArenA,113004,8,,,,26.55,26.17,233747,233747,233756.0,233748,233747,233748,244064,244064,Pressure on heavy touch,51,61,,,,,,Balanced,Balanced,51,4,3,3,,,,,,,,
116017,/team/116017/manchester-city-w/240002,24,2,2023-09-22,Manchester City W,2216,Women's Super League,1,14,England,80,83,81,79,2079,Academy Stadium,116012,3,2.0,,1000000.0,26.91,24.91,226358,227254,227254.0,227254,257001,246219,257001,227254,Pressure on heavy touch,51,61,,,,,,Slow build up,Possession,61,4,3,3,,,,,,,,
116302,/team/116302/portland-thorns-w/240002,24,2,2023-09-22,Portland Thorns W,2221,NWSL,1,95,United States,80,83,80,77,37682099,Providence Park,116300,3,2.0,,1000000.0,28.45,26.65,226359,226359,267217.0,226359,226359,264012,267217,267217,Press after possession loss,41,61,,,,,,Balanced,Balanced,61,3,3,3,,,,,,,,
116312,/team/116312/san-diego-wave-w/240002,24,2,2023-09-22,San Diego Wave W,2221,NWSL,1,95,United States,80,84,79,79,28570734,Aloha Park (Generic Oceania 2),116311,3,2.0,,1000000.0,28.55,26.36,226301,231736,267382.0,231736,231736,226301,231736,231736,Pressure on heavy touch,61,61,,,,,,Balanced,Balanced,61,3,3,3,,,,,,,,
115997,/team/115997/eintracht-frankfurt-w/240002,24,2,2023-09-22,Eintracht Frankfurt W,2215,Bundesliga Women,1,21,Germany,79,79,81,78,37304278,Deutsche Bank Park,115998,3,2.0,,1000000.0,25.55,23.12,264954,264933,264933.0,264933,264954,261773,264933,264955,Press after possession loss,51,51,,,,,,Balanced,Balanced,51,3,3,3,,,,,,,,
116012,/team/116012/manchester-united-w/240002,24,2,2023-09-22,Manchester United W,2216,Women's Super League,1,14,England,79,77,82,77,37524025,Old Trafford,116017,3,2.0,,1000000.0,26.27,25.04,265273,265273,247797.0,265273,265273,265273,265273,265273,Press after possession loss,61,61,,,,,,Slow build up,Possession,71,3,3,3,,,,,,,,
116300,/team/116300/ol-reign-w/240002,24,2,2023-09-22,OL Reign W,2221,NWSL,1,95,United States,79,75,79,80,37428079,Lumen Field,116302,3,2.0,,1000000.0,29.09,26.5,233246,226328,226328.0,226328,226328,226328,226328,226328,Balanced,51,61,,,,,,Balanced,Balanced,51,4,3,3,,,,,,,,
116309,/team/116309/kansas-city-w/240002,24,2,2023-09-22,Kansas City W,2221,NWSL,1,95,United States,79,75,79,76,37614424,Stadion Neder,116308,3,2.0,,1000000.0,27.27,26.57,267334,226893,226893.0,226893,273480,226893,267339,267339,Balanced,41,41,,,,,,Fast build up,Forward runs,61,4,3,3,,,,,,,,
116326,/team/116326/real-madrid-w/240002,24,2,2023-09-22,Real Madrid W,2222,Primera Division Women,1,45,Spain,79,78,80,78,456714,Estadio Alfredo Di Stéfano,116325,3,2.0,,1000000.0,25.91,24.61,227466,245879,248800.0,227466,245879,262457,245879,259372,Press after possession loss,61,61,,,,,,Fast build up,Forward runs,61,4,3,3,,,,,,,,
116327,/team/116327/atletico-madrid-w/240002,24,2,2023-09-22,Atletico Madrid W,2222,Primera Division Women,1,45,Spain,79,81,79,78,4536521,Wanda Metropolitano,116325,3,2.0,,1000000.0,26.09,25.0,227204,253437,272110.0,246356,253437,241023,246356,246356,Press after possession loss,51,61,,,,,,Fast build up,Forward runs,51,5,3,3,,,,,,,,
116333,/team/116333/levante-w/240002,24,2,2023-09-22,Levante W,2222,Primera Division Women,1,45,Spain,79,82,79,78,25939833,Estadio Ciutat de València,116339,3,2.0,,1000000.0,25.45,23.16,246774,246774,246287.0,246287,246774,246774,246287,246774,Press after possession loss,51,71,,,,,,Fast build up,Forward runs,51,5,3,3,,,,,,,,
113007,/team/113007/norway-w/240002,24,2,2023-09-22,Norway W,2136,World Cup Women,,36,Norway,78,82,80,73,37357800,Eastpoint Arena (Football Ground),113008,5,,,,26.45,26.26,227282,227102,227102.0,227102,227102,227323,227102,227323,Pressure on heavy touch,51,61,,,,,,Fast build up,Forward runs,51,5,3,3,,,,,,,,
116304,/team/116304/washington-spirit-w/240002,24,2,2023-09-22,Washington Spirit W,2221,NWSL,1,95,United States,78,83,78,76,37522022,Stadio Classico,116310,3,2.0,,1000000.0,25.82,26.31,266816,266091,243261.0,266091,266091,243263,243261,267264,Press after possession loss,51,51,,,,,,Balanced,Balanced,61,4,3,3,,,,,,,,
116306,/team/116306/houston-dash-w/240002,24,2,2023-09-22,Houston Dash W,2221,NWSL,1,95,United States,78,77,75,78,37559422,Stadion Neder,116307,3,2.0,,1000000.0,27.36,26.13,227405,228724,267350.0,228724,228724,267237,267350,267350,Balanced,51,51,,,,,,Long ball,Direct passing,31,3,3,3,,,,,,,,
116310,/team/116310/njny-gotham-w/240002,24,2,2023-09-22,NJ/NY Gotham W,2221,NWSL,1,95,United States,78,79,77,77,37559422,Red Bull Arena (New Jersey),116305,3,2.0,,1000000.0,30.18,28.89,243770,226351,226325.0,226351,226351,226351,226351,226351,Balanced,51,51,,,,,,Slow build up,Possession,51,4,3,3,,,,,,,,
116311,/team/116311/angel-city-w/240002,24,2,2023-09-22,Angel City W,2221,NWSL,1,95,United States,78,82,77,75,37522004,BMO Stadium,116312,3,2.0,,1000000.0,28.91,27.26,233343,243264,243403.0,243264,243403,226316,243403,243403,Pressure on heavy touch,61,61,,,,,,Slow build up,Possession,61,3,3,3,,,,,,,,
115999,/team/115999/hoffenheim-w/240002,24,2,2023-09-22,Hoffenheim W,2215,Bundesliga Women,1,21,Germany,77,78,77,78,37680915,PreZero Arena,115997,3,2.0,,1000000.0,25.82,22.92,265001,265001,264991.0,227300,265001,265001,227300,265001,Pressure on heavy touch,51,51,,,,,,Fast build up,Forward runs,61,4,3,3,,,,,,,,
116002,/team/116002/freiburg-w/240002,24,2,2023-09-22,Freiburg W,2215,Bundesliga Women,1,21,Germany,77,77,80,76,37656995,Europa-Park Stadion,115999,3,2.0,,1000000.0,23.73,23.37,239343,239343,239343.0,239343,239343,239343,239343,239343,Pressure on heavy touch,51,51,,,,,,Fast build up,Forward runs,51,4,3,3,,,,,,,,
116015,/team/116015/aston-villa-w/240002,24,2,2023-09-22,Aston Villa W,2216,Women's Super League,1,14,England,77,80,78,76,32431159,Villa Park,116020,3,2.0,,1000000.0,28.0,25.5,265332,227353,227353.0,227353,265332,235657,227353,227353,Balanced,51,51,,,,,,Balanced,Balanced,51,3,3,3,,,,,,,,
116035,/team/116035/paris-w/240002,24,2,2023-09-22,Paris W,2218,Feminine Division 1,1,18,France,77,77,80,74,26313202,Euro Arena,116034,3,2.0,,1000000.0,26.73,23.75,227326,241546,227326.0,227326,241546,227326,227326,227326,Press after possession loss,51,61,,,,,,Slow build up,Possession,51,5,3,3,,,,,,,,
116037,/team/116037/montpellier-w/240002,24,2,2023-09-22,Montpellier W,2218,Feminine Division 1,1,18,France,77,79,77,78,529478,_Longville Stadium,116038,3,2.0,,1000000.0,26.55,24.05,231347,265843,265843.0,265843,265843,265843,265843,264866,Pressure on heavy touch,51,61,,,,,,Slow build up,Possession,51,5,3,3,,,,,,,,
116305,/team/116305/chicago-red-stars-w/240002,24,2,2023-09-22,Chicago Red Stars W,2221,NWSL,1,95,United States,77,74,76,77,37623356,El Monumento (Estadio Latino),116310,3,2.0,,1000000.0,27.82,25.81,226335,273777,244045.0,273777,273777,267278,273777,273777,Balanced,51,51,,,,,,Balanced,Balanced,51,3,3,3,,,,,,,,
113984,/team/113984/scotland-w/240002,24,2,2023-09-22,Scotland W,2136,World Cup Women,,42,Scotland,76,76,78,74,37296295,Stadion Olympik,113002,2,,,,28.18,28.04,245875,245879,245879.0,245879,245879,245879,245879,245879,Balanced,61,41,,,,,,Balanced,Balanced,71,3,3,3,,,,,,,,
116011,/team/116011/tottenham-w/240002,24,2,2023-09-22,Tottenham W,2216,Women's Super League,1,14,England,76,79,75,78,37524186,Tottenham Hotspur Stadium,116009,3,2.0,,1000000.0,26.64,26.3,235594,265262,265262.0,265252,265262,265262,265262,267293,Balanced,61,51,,,,,,Fast build up,Forward runs,51,3,3,3,,,,,,,,
116036,/team/116036/fleury-91-w/240002,24,2,2023-09-22,Fleury 91 W,2218,Feminine Division 1,1,18,France,76,77,78,74,94303,_Longville Stadium,116035,3,2.0,,1000000.0,25.73,24.17,241548,241548,241548.0,241548,241548,227351,241548,227351,Balanced,51,41,,,,,,Long ball,Direct passing,61,3,3,3,,,,,,,,
116303,/team/116303/north-carolina-courage-w/240002,24,2,2023-09-22,North Carolina Courage W,2221,NWSL,1,95,United States,76,71,75,76,37598253,_Oktigann Park,116302,3,2.0,,1000000.0,25.36,25.26,267238,248343,267235.0,248343,248343,267234,267234,267234,Balanced,61,51,,,,,,Balanced,Balanced,71,4,3,3,,,,,,,,
116308,/team/116308/racing-louisville-w/240002,24,2,2023-09-22,Racing Louisville W,2221,NWSL,1,95,United States,76,76,76,78,37590539,Estadio de las Artes (Generic Stadium NG),116309,3,2.0,,1000000.0,26.18,26.41,266401,267318,267240.0,267318,267318,267318,267240,267240,Balanced,51,51,,,,,,Long ball,Direct passing,51,3,3,3,,,,,,,,
116334,/team/116334/madrid-cff-w/240002,24,2,2023-09-22,Madrid CFF W,2222,Primera Division Women,1,45,Spain,76,78,76,75,26295980,Town Park,116326,3,2.0,,1000000.0,25.91,23.57,272061,272064,245962.0,246359,272064,246359,246359,246359,Press after possession loss,51,51,,,,,,Fast build up,Forward runs,51,4,3,3,,,,,,,,
116336,/team/116336/real-sociedad-w/240002,24,2,2023-09-22,Real Sociedad W,2222,Primera Division Women,1,45,Spain,76,77,76,75,37559411,Reale Arena,116328,3,2.0,,1000000.0,22.64,22.67,259334,259334,259334.0,259334,262545,259334,259334,259334,Press after possession loss,61,61,,,,,,Slow build up,Possession,61,5,3,3,,,,,,,,
113010,/team/113010/mexico-w/240002,24,2,2023-09-22,Mexico W,2136,World Cup Women,,83,Mexico,75,77,75,72,37430277,Stadion Olympik,113009,3,,,,27.27,25.65,227466,227466,227466.0,227452,227466,227452,227466,227466,Pressure on heavy touch,61,71,,,,,,Balanced,Balanced,61,4,3,3,,,,,,,,
113394,/team/113394/belgium-w/240002,24,2,2023-09-22,Belgium W,2136,World Cup Women,,7,Belgium,75,74,76,73,37350128,Town Park,113011,1,,,,28.82,25.91,261781,261785,261785.0,261781,261785,261786,261781,261781,Balanced,51,51,,,,,,Long ball,Direct passing,61,4,3,3,,,,,,,,
115682,/team/115682/portugal-w/240002,24,2,2023-09-22,Portugal W,2136,World Cup Women,,38,Portugal,75,75,76,74,35279766,Estádio da Luz,113012,1,,,,27.18,26.96,261830,261837,261837.0,261837,261837,261829,261830,261830,Balanced,51,61,,,,,,Balanced,Balanced,61,4,3,3,,,,,,,,
115996,/team/115996/bayer-leverkusen-w/240002,24,2,2023-09-22,Bayer Leverkusen W,2215,Bundesliga Women,1,21,Germany,75,74,75,74,10276180,BayArena,116003,3,2.0,,1000000.0,24.0,22.42,265035,265035,264924.0,265035,265035,265035,265035,265035,Balanced,51,51,,,,,,Slow build up,Possession,51,3,3,3,,,,,,,,
116013,/team/116013/brighton-hove-albion-w/240002,24,2,2023-09-22,Brighton & Hove Albion W,2216,Women's Super League,1,14,England,75,76,76,74,,The Amex Stadium,116014,3,2.0,,1000000.0,27.36,25.12,247477,247477,265336.0,247477,247477,247477,247477,265336,Balanced,51,41,,,,,,Balanced,Balanced,41,3,3,3,,,,,,,,
116014,/team/116014/west-ham-united-w/240002,24,2,2023-09-22,West Ham United W,2216,Women's Super League,1,14,England,75,75,74,75,37554044,London Stadium,116011,3,2.0,,1000000.0,26.36,24.43,241549,227348,265297.0,227348,227348,227348,245889,245889,Balanced,51,51,,,,,,Balanced,Balanced,51,3,3,3,,,,,,,,
116016,/team/116016/everton-w/240002,24,2,2023-09-22,Everton W,2216,Women's Super League,1,14,England,75,75,75,75,37265116,Goodison Park,116343,3,2.0,,1000000.0,25.73,25.05,246968,265335,246968.0,246968,265335,263966,265335,265335,Balanced,61,61,,,,,,Fast build up,Forward runs,61,3,3,3,,,,,,,,
116307,/team/116307/orlando-pride-w/240002,24,2,2023-09-22,Orlando Pride W,2221,NWSL,1,95,United States,75,75,75,75,2535,Ivy Lane,116306,3,2.0,,1000000.0,27.73,26.0,226890,226890,243262.0,226890,226890,226890,226348,226348,Balanced,51,51,,,,,,Slow build up,Possession,51,4,3,3,,,,,,,,
116328,/team/116328/athletic-bilbao-w/240002,24,2,2023-09-22,Athletic Bilbao W,2222,Primera Division Women,1,45,Spain,75,76,74,73,,Estadio San Mamés,116336,3,2.0,,1000000.0,22.91,24.04,272128,272138,272138.0,272138,272138,271942,272123,272123,Balanced,51,51,,,,,,Fast build up,Forward runs,61,5,3,3,,,,,,,,
116332,/team/116332/udg-tenerife-w/240002,24,2,2023-09-22,UDG Tenerife W,2222,Primera Division Women,1,45,Spain,74,74,74,74,37633976,_Longville Stadium,116325,3,2.0,,1000000.0,28.82,26.58,272232,233576,272224.0,272228,233576,272224,233576,272228,Press after possession loss,41,51,,,,,,Fast build up,Forward runs,51,4,3,3,,,,,,,,
116337,/team/116337/sevilla-w/240002,24,2,2023-09-22,Sevilla W,2222,Primera Division Women,1,45,Spain,74,76,75,73,37626375,Ramón Sánchez-Pizjuán,116330,3,2.0,,1000000.0,27.82,25.6,227775,227775,227775.0,227775,227775,227775,227775,227775,Balanced,41,41,,,,,,Fast build up,Forward runs,51,4,3,3,,,,,,,,
116343,/team/116343/liverpool-w/240002,24,2,2023-09-22,Liverpool W,2216,Women's Super League,1,14,England,74,74,74,74,32431158,Anfield,116016,3,2.0,,1000000.0,28.55,25.52,266913,242784,266915.0,242784,266915,226350,242784,265286,Pressure on heavy touch,51,51,,,,,,Balanced,Balanced,51,3,3,3,,,,,,,,
116416,/team/116416/le-havre-w/240002,24,2,2023-09-22,Le Havre W,2218,Feminine Division 1,1,18,France,74,74,73,74,37615657,Waldstadion (Fussballstadion),131219,3,2.0,,1000000.0,26.73,25.38,269208,270049,270049.0,270049,270049,269208,270049,270049,Balanced,51,51,,,,,,Balanced,Balanced,51,4,3,3,,,,,,,,
131358,/team/131358/sl-benfica-w/240002,24,2,2023-09-22,SL Benfica W,10003,1st Division Women,1,38,Portugal,74,75,74,73,37404816,Estádio da Luz,131363,3,2.0,,1000000.0,24.91,24.21,261855,275927,275927.0,275927,275927,275927,275927,275927,Press after possession loss,51,61,,,,,,Fast build up,Forward runs,61,5,3,3,,,,,,,,
131362,/team/131362/rosengard-w/240002,24,2,2023-09-22,Rosengard W,814,Damallsvenskan Women,1,46,Sweden,74,75,75,74,333232,_Oktigann Park,131360,3,2.0,,1000000.0,27.55,25.44,226985,226985,226985.0,226985,245884,226985,226985,226985,Balanced,51,51,,,,,,Slow build up,Possession,51,4,3,3,,,,,,,,
113996,/team/113996/argentina-w/240002,24,2,2023-09-22,Argentina W,2136,World Cup Women,,52,Argentina,73,77,73,72,37612238,Estadio Presidente Perón (El Cilindro),113002,2,,,,30.0,28.22,246355,246356,246364.0,246359,246356,246356,246359,269679,Press after possession loss,41,61,,,,,,Fast build up,Forward runs,61,3,3,3,,,,,,,,
116001,/team/116001/sgs-essen-w/240002,24,2,2023-09-22,SGS Essen W,2215,Bundesliga Women,1,21,Germany,73,73,73,72,37304267,_Oktigann Park,131106,3,2.0,,1000000.0,23.64,22.15,265039,265085,265047.0,265085,265085,265042,265085,265085,Balanced,51,51,,,,,,Slow build up,Possession,51,4,3,3,,,,,,,,
116003,/team/116003/koln-w/240002,24,2,2023-09-22,Köln W,2215,Bundesliga Women,1,21,Germany,73,75,73,72,37304262,RheinEnergieStadion,115996,3,2.0,,1000000.0,23.91,22.39,265093,265025,264985.0,265025,265025,265025,271788,271788,Balanced,51,51,,,,,,Slow build up,Possession,51,4,3,3,,,,,,,,
116042,/team/116042/guingamp-w/240002,24,2,2023-09-22,Guingamp W,2218,Feminine Division 1,1,18,France,73,75,73,72,94451,_Longville Stadium,116039,3,2.0,,1000000.0,23.09,22.5,267661,267661,267661.0,267661,267661,267661,267661,267661,Balanced,51,51,,,,,,Balanced,Balanced,51,3,3,3,,,,,,,,
116339,/team/116339/valencia-w/240002,24,2,2023-09-22,Valencia W,2222,Primera Division Women,1,45,Spain,73,75,74,72,37679007,Estadio Mestalla,116333,3,2.0,,1000000.0,22.73,22.48,242795,272099,272099.0,272087,272099,242795,272099,272099,Balanced,51,51,,,,,,Fast build up,Forward runs,51,4,3,3,,,,,,,,
116428,/team/116428/iceland-w/240002,24,2,2023-09-22,Iceland W,2136,World Cup Women,,24,Iceland,73,73,74,73,37265250,Euro Arena,113007,1,,,,25.73,25.13,265300,264891,264891.0,264891,265300,265300,269663,264891,Balanced,51,51,,,,,,Long ball,Direct passing,51,3,3,3,,,,,,,,
131106,/team/131106/msv-duisburg-w/240002,24,2,2023-09-22,MSV Duisburg W,2215,Bundesliga Women,1,21,Germany,73,68,74,73,37623355,Waldstadion (Fussballstadion),116001,3,2.0,,1000000.0,22.91,23.09,271867,271819,271819.0,271819,271819,271867,271819,271819,Balanced,41,51,,,,,,Balanced,Balanced,51,4,3,3,,,,,,,,
131359,/team/131359/ajax-w/240002,24,2,2023-09-22,Ajax W,610,Eredivisie Women,1,34,Netherlands,73,73,76,73,37652268,Johan Cruijff ArenA,131361,3,2.0,,1000000.0,23.45,21.85,233747,233747,233747.0,233747,233747,233747,233747,233747,Balanced,51,51,,,,,,Long ball,Direct passing,51,3,3,3,,,,,,,,
116004,/team/116004/werder-bremen-w/240002,24,2,2023-09-22,Werder Bremen W,2215,Bundesliga Women,1,21,Germany,72,72,73,73,37567812,Wohninvest Weserstadion,116001,3,2.0,,1000000.0,24.82,22.42,265116,265121,265121.0,265119,265121,265116,265119,265121,Balanced,51,51,,,,,,Fast build up,Forward runs,51,4,3,3,,,,,,,,
116020,/team/116020/leicester-city-w/240002,24,2,2023-09-22,Leicester City W,2216,Women's Super League,1,14,England,72,74,70,72,,King Power Stadium,116015,3,2.0,,1000000.0,27.0,25.25,265281,261785,262867.0,261785,261785,265281,264832,262867,Balanced,51,51,,,,,,Long ball,Direct passing,41,3,3,3,,,,,,,,
116039,/team/116039/dijon-w/240002,24,2,2023-09-22,Dijon W,2218,Feminine Division 1,1,18,France,72,74,72,73,26313228,_Oktigann Park,116040,3,2.0,,1000000.0,25.0,24.8,265875,265878,265878.0,265878,265878,269829,265878,265878,Balanced,51,51,,,,,,Balanced,Balanced,51,4,3,3,,,,,,,,
116040,/team/116040/stade-de-reims-w/240002,24,2,2023-09-22,Stade de Reims W,2218,Feminine Division 1,1,18,France,72,71,74,71,37296301,_Oktigann Park,116037,3,2.0,,1000000.0,23.09,21.4,265893,265901,265901.0,265901,265901,265901,265901,265901,Balanced,51,41,,,,,,Fast build up,Forward runs,51,5,3,3,,,,,,,,
131360,/team/131360/slavia-prague-w/240002,24,2,2023-09-22,Slavia Prague W,609,Czech First Division Women,1,12,Czech Republic,72,73,70,73,81090,Stade Municipal,131362,3,2.0,,1000000.0,25.82,24.52,275813,275808,275813.0,275808,275808,275813,275815,275815,Balanced,51,51,,,,,,Long ball,Direct passing,51,3,3,3,,,,,,,,
116021,/team/116021/rb-leipzig-w/240002,24,2,2023-09-22,RB Leipzig W,2215,Bundesliga Women,1,21,Germany,71,77,71,71,37643790,Red Bull Arena (Leipzig),131386,3,2.0,,1000000.0,23.64,21.72,265384,264920,264920.0,264920,264920,262089,264920,264920,Balanced,51,51,,,,,,Balanced,Balanced,51,3,3,3,,,,,,,,
116044,/team/116044/saint-etienne-w/240002,24,2,2023-09-22,Saint-Étienne W,2218,Feminine Division 1,1,18,France,71,72,71,70,37579700,_Longville Stadium,116033,3,2.0,,1000000.0,24.82,23.83,269210,265968,265968.0,265968,265968,265986,265968,265968,Balanced,51,41,,,,,,Long ball,Direct passing,51,4,3,3,,,,,,,,
116330,/team/116330/real-betis-w/240002,24,2,2023-09-22,Real Betis W,2222,Primera Division Women,1,45,Spain,71,68,73,70,185548,Estadio Benito Villamarín,116337,3,2.0,,1000000.0,26.82,24.73,272035,262460,262460.0,262460,228622,262460,262460,262460,Balanced,51,51,,,,,,Fast build up,Forward runs,51,4,3,3,,,,,,,,
116338,/team/116338/huelva-w/240002,24,2,2023-09-22,Huelva W,2222,Primera Division Women,1,45,Spain,71,69,71,72,26296089,Arena d'Oro,116337,3,2.0,,1000000.0,25.09,25.2,272246,272251,272238.0,272251,272251,272238,272238,272251,Balanced,51,37,,,,,,Long ball,Direct passing,51,4,3,3,,,,,,,,
131219,/team/131219/lille-w/240002,24,2,2023-09-22,Lille W,2218,Feminine Division 1,1,18,France,71,70,71,72,25939309,Decathlon Arena,116416,3,2.0,,1000000.0,24.45,24.65,265952,265952,265952.0,265952,265952,275395,265952,265952,Balanced,51,41,,,,,,Long ball,Direct passing,51,4,3,3,,,,,,,,
131361,/team/131361/zurich-w/240002,24,2,2023-09-22,Zurich W,611,Nationalliga A Women,1,47,Switzerland,71,76,72,71,33608625,Euro Arena,131359,3,2.0,,1000000.0,23.36,22.33,273410,273410,273410.0,273410,273410,273410,275887,275888,Balanced,51,51,,,,,,Slow build up,Possession,51,3,3,3,,,,,,,,
131363,/team/131363/glasgow-city-w/240002,24,2,2023-09-22,Glasgow City W,607,Scottish Premier League Women,1,42,Scotland,71,71,70,70,37536392,_Oktigann Park,131358,3,2.0,,1000000.0,27.09,24.52,245891,273053,273387.0,273053,273053,273387,273053,273053,Balanced,61,51,,,,,,Fast build up,Forward runs,61,4,3,3,,,,,,,,
116038,/team/116038/bordeaux-w/240002,24,2,2023-09-22,Bordeaux W,2218,Feminine Division 1,1,18,France,70,71,68,70,19282261,Town Park,116037,3,2.0,,1000000.0,21.91,21.1,265855,274077,274077.0,274077,274077,274077,265855,265855,Balanced,51,51,,,,,,Balanced,Balanced,51,4,3,3,,,,,,,,
116340,/team/116340/villarreal-w/240002,24,2,2023-09-22,Villarreal W,2222,Primera Division Women,1,45,Spain,70,69,72,70,32011987,Estadio de la Cerámica,116339,3,2.0,,1000000.0,25.18,24.09,271960,272150,272148.0,272150,272150,272148,272150,272150,Balanced,51,37,,,,,,Fast build up,Forward runs,51,4,3,3,,,,,,,,
131125,/team/131125/levante-las-planas-w/240002,24,2,2023-09-22,Levante Las Planas W,2222,Primera Division Women,1,45,Spain,70,74,70,69,37654927,_Longville Stadium,116325,3,2.0,,1000000.0,25.09,25.0,272167,272159,272159.0,272159,272159,276904,272159,272159,Balanced,41,41,,,,,,Fast build up,Forward runs,71,5,3,3,,,,,,,,
131283,/team/131283/bristol-city-w/240002,24,2,2023-09-22,Bristol City W,2216,Women's Super League,1,14,England,70,71,69,70,37451391,Stade Municipal,116013,3,2.0,,1000000.0,25.0,24.1,266920,247415,266920.0,266920,247415,266920,247415,247415,Balanced,51,51,,,,,,Long ball,Direct passing,51,3,3,3,,,,,,,,
131386,/team/131386/nurnberg-w/240002,24,2,2023-09-22,Nürnberg W,2215,Bundesliga Women,1,21,Germany,70,71,69,71,37524814,Max-Morlock-Stadion,116003,3,2.0,,1000000.0,21.82,21.6,275523,275532,275532.0,275532,275532,275532,275532,275532,Balanced,51,51,,,,,,Slow build up,Possession,51,3,3,3,,,,,,,,
131391,/team/131391/granada-w/240002,24,2,2023-09-22,Granada W,2222,Primera Division Women,1,45,Spain,70,69,71,68,37615646,Estadio Nuevo Los Cármenes,116330,3,2.0,,1000000.0,24.55,24.0,275784,277048,275779.0,275784,277048,275784,275784,275779,Balanced,41,51,,,,,,Fast build up,Forward runs,41,4,3,3,,,,,,,,
116331,/team/116331/eibar-w/240002,24,2,2023-09-22,Eibar W,2222,Primera Division Women,1,45,Spain,69,71,68,70,37673814,Municipal de Ipurua,116336,3,2.0,,1000000.0,25.0,25.04,275588,275587,275583.0,275587,275587,275575,275588,275575,Pressure on heavy touch,61,51,,,,,,Balanced,Balanced,51,5,3,3,,,,,,,,
116033,/team/116033/lyon-w/230002,23,2,2022-09-26,Olympique Lyonnais W,2218,Feminine Division 1,1,18,France,86,86,85,86,35304616,Groupama Stadium,116034,3,2.0,,1000000.0,26.55,25.25,227316,262330.0,262330.0,262330.0,262330.0,262330,262330,265674.0,Press After Possession Loss,61,81,,,,,,Fast Build Up,Forward Runs,61,6,3,3,,,,,,,,
113009,/team/113009/united-states-w/230002,23,2,2022-09-26,United States W,2136,World Cup Women,,95,United States,85,86,84,83,37350129,Lumen Field,113000,10,,,,28.64,28.57,226177,231432.0,231432.0,231432.0,231432.0,226301,226318,226318.0,Balanced,41,51,,,,,,Slow Build Up,Possession,41,6,3,3,,,,,,,,
113002,/team/113002/england-w/230002,23,2,2022-09-26,England W,2136,World Cup Women,,14,England,84,82,84,85,35280567,Wembley Stadium,113004,6,,,,26.36,25.87,246426,245802.0,246426.0,257008.0,245802.0,243404,245802,257008.0,Press After Possession Loss,71,61,,,,,,Fast Build Up,Forward Runs,81,4,3,3,,,,,,,,
113003,/team/113003/france-w/230002,23,2,2022-09-26,France W,2136,World Cup Women,,18,France,84,86,83,86,464820,Orange Vélodrome,113004,7,,,,27.09,25.83,227316,227344.0,227344.0,227344.0,227344.0,227316,227344,227344.0,Pressure On Heavy Touch,61,61,,,,,,Fast Build Up,Forward Runs,61,6,3,3,,,,,,,,
113004,/team/113004/germany-w/230002,23,2,2022-09-26,Germany W,2136,World Cup Women,,21,Germany,84,85,85,82,35280557,Molton Road (Sheldon Stadium),113002,10,,,,26.73,25.74,226302,233837.0,233837.0,233837.0,233837.0,227327,227337,233838.0,Press After Possession Loss,61,61,,,,,,Fast Build Up,Forward Runs,71,4,3,3,,,,,,,,
113012,/team/113012/spain-w/230002,23,2,2022-09-26,Spain W,2136,World Cup Women,,45,Spain,84,82,87,84,35279765,Wanda Metropolitano,113003,4,,,,26.82,25.91,227190,227203.0,227203.0,227203.0,227203.0,227192,236479,227192.0,Press After Possession Loss,51,71,,,,,,Balanced,Balanced,61,4,3,3,,,,,,,,
116034,/team/116034/paris-sg-w/230002,23,2,2022-09-26,Paris Saint Germain W,2218,Feminine Division 1,1,18,France,84,86,80,85,37654887,Parc des Princes,116033,3,2.0,,1000000.0,25.64,25.2,227392,233748.0,233748.0,233748.0,233748.0,246272,233748,233662.0,Press After Possession Loss,61,81,,,,,,Fast Build Up,Forward Runs,61,7,3,3,,,,,,,,
116009,/team/116009/arsenal-w/230002,23,2,2022-09-26,Arsenal W,2216,Women's Super League,1,14,England,83,85,83,82,15434001,Emirates Stadium,116010,3,2.0,,1000000.0,26.73,26.33,245872,245802.0,246426.0,245802.0,227119.0,245872,245802,227119.0,Press After Possession Loss,61,71,,,,,,Fast Build Up,Forward Runs,81,3,3,3,,,,,,,,
116010,/team/116010/chelsea-w/230002,23,2,2022-09-26,Chelsea W,2216,Women's Super League,1,14,England,83,86,82,83,32431129,Stamford Bridge,116009,3,2.0,,1000000.0,27.55,25.73,226998,227323.0,238257.0,245882.0,227323.0,259287,245882,227323.0,Press After Possession Loss,61,71,,,,,,Fast Build Up,Forward Runs,81,5,3,3,,,,,,,,
113000,/team/113000/canada-w/230002,23,2,2022-09-26,Canada W,2136,World Cup Women,,70,Canada,81,78,81,81,37428117,BC Place Stadium,113009,7,,,,28.55,27.91,226359,227381.0,227381.0,227387.0,227381.0,227387,227381,227381.0,Balanced,61,51,,,,,,Balanced,Balanced,71,3,3,3,,,,,,,,
113008,/team/113008/sweden-w/230002,23,2,2022-09-26,Sweden W,2136,World Cup Women,,46,Sweden,81,82,81,81,35279752,Stadion Neder,113007,8,,,,29.73,28.48,226975,226987.0,226987.0,235585.0,226987.0,226987,263964,235585.0,Press After Possession Loss,61,51,,,,,,Balanced,Balanced,71,4,3,3,,,,,,,,
116035,/team/116035/paris-w/230002,23,2,2022-09-26,Paris W,2218,Feminine Division 1,1,18,France,81,83,82,80,26313202,Euro Arena,116034,3,2.0,,1000000.0,28.0,24.62,227326,227326.0,241546.0,227326.0,227326.0,227326,227326,227326.0,Pressure On Heavy Touch,51,51,,,,,,Slow Build Up,Possession,51,6,3,3,,,,,,,,
113011,/team/113011/netherlands-w/230002,23,2,2022-09-26,Netherlands W,2136,World Cup Women,,34,Netherlands,80,85,80,79,455803,Johan Cruijff ArenA,113004,8,,,,25.73,25.17,233746,233747.0,233747.0,233747.0,233747.0,233747,233747,233747.0,Pressure On Heavy Touch,51,61,,,,,,Balanced,Balanced,51,6,3,3,,,,,,,,
116012,/team/116012/manchester-united-w/230002,23,2,2022-09-26,Manchester United W,2216,Women's Super League,1,14,England,80,80,81,80,37524025,Old Trafford,116017,3,2.0,,1000000.0,26.45,26.26,265273,265273.0,247797.0,265273.0,265273.0,265273,265273,253436.0,Pressure On Heavy Touch,51,51,,,,,,Balanced,Balanced,71,3,3,3,,,,,,,,
116017,/team/116017/manchester-city-w/230002,23,2,2022-09-26,Manchester City W,2216,Women's Super League,1,14,England,80,82,76,80,2079,466,116012,3,2.0,,1000000.0,25.73,24.48,226358,227254.0,227254.0,257008.0,227254.0,227254,257008,227254.0,Press After Possession Loss,51,61,,,,,,Fast Build Up,Forward Runs,81,6,3,3,,,,,,,,
112999,/team/112999/brazil-w/230002,23,2,2022-09-26,Brazil W,2136,World Cup Women,,54,Brazil,79,82,79,79,37469773,O Dromo,113009,8,,,,31.09,29.83,245205,245206.0,245188.0,245206.0,245177.0,245205,245186,245177.0,Balanced,51,51,,,,,,Balanced,Balanced,61,4,3,3,,,,,,,,
113007,/team/113007/norway-w/230002,23,2,2022-09-26,Norway W,2136,World Cup Women,,36,Norway,78,83,80,74,37357800,Eastpoint Arena (Football Ground),113008,5,,,,26.09,25.04,227282,227323.0,227102.0,227102.0,227323.0,227310,227102,227323.0,Pressure On Heavy Touch,51,61,,,,,,Fast Build Up,Forward Runs,51,5,3,3,,,,,,,,
116011,/team/116011/tottenham-w/230002,23,2,2022-09-26,Tottenham W,2216,Women's Super League,1,14,England,78,77,76,81,37524186,Tottenham Hotspur Stadium,116009,3,2.0,,1000000.0,29.36,26.38,235594,,235594.0,,,265262,265262,,Press After Possession Loss,61,61,,,,,,Long Ball,Direct Passing,51,3,3,3,,,,,,,,
116015,/team/116015/aston-villa-w/230002,23,2,2022-09-26,Aston Villa W,2216,Women's Super League,1,14,England,77,80,76,77,32431159,Villa Park,116020,3,2.0,,1000000.0,25.36,25.9,245875,265319.0,265319.0,265326.0,265319.0,265311,265326,265319.0,Balanced,41,41,,,,,,Long Ball,Direct Passing,51,3,3,3,,,,,,,,
116036,/team/116036/fleury-91-w/230002,23,2,2022-09-26,Fleury 91 W,2218,Feminine Division 1,1,18,France,77,77,79,77,94303,469,116035,3,2.0,,1000000.0,26.0,25.1,241548,241548.0,241548.0,241548.0,241548.0,264982,241548,241548.0,Balanced,51,41,,,,,,Long Ball,Direct Passing,61,3,3,3,,,,,,,,
116037,/team/116037/montpellier-w/230002,23,2,2022-09-26,Montpellier W,2218,Feminine Division 1,1,18,France,77,76,77,78,529478,469,116038,3,2.0,,1000000.0,26.73,24.75,231347,265843.0,265843.0,265843.0,265843.0,227734,265843,265843.0,Balanced,51,51,,,,,,Slow Build Up,Possession,51,6,3,3,,,,,,,,
113984,/team/113984/scotland-w/230002,23,2,2022-09-26,Scotland W,2136,World Cup Women,,42,Scotland,76,74,77,75,37296295,Stadion Olympik,113002,2,,,,27.45,27.74,245875,245879.0,245879.0,245879.0,245879.0,245885,245882,245879.0,Balanced,61,41,,,,,,Balanced,Balanced,71,3,3,3,,,,,,,,
116014,/team/116014/west-ham-w/230002,23,2,2022-09-26,West Ham United W,2216,Women's Super League,1,14,England,76,77,76,76,37554044,London Stadium,116011,3,2.0,,1000000.0,26.91,24.4,265300,271739.0,265303.0,271739.0,271739.0,265303,245889,245889.0,Pressure On Heavy Touch,51,51,,,,,,Slow Build Up,Possession,51,3,3,3,,,,,,,,
113394,/team/113394/belgium-w/230002,23,2,2022-09-26,Belgium W,2136,World Cup Women,,7,Belgium,75,77,76,73,37350128,Town Park,113011,1,,,,27.36,25.26,261781,261785.0,261785.0,261781.0,261785.0,261781,261781,261781.0,Balanced,51,51,,,,,,Fast Build Up,Forward Runs,61,4,3,3,,,,,,,,
116013,/team/116013/brighton-hove-albion-w/230002,23,2,2022-09-26,Brighton & Hove Albion W,2216,Women's Super League,1,14,England,75,73,74,76,,The Amex Stadium,116014,3,2.0,,1000000.0,26.91,24.55,265296,265294.0,265294.0,265294.0,265294.0,265294,265294,258915.0,Balanced,51,41,,,,,,Balanced,Balanced,41,3,3,3,,,,,,,,
116016,/team/116016/everton-w/230002,23,2,2022-09-26,Everton W,2216,Women's Super League,1,14,England,75,77,77,75,37265116,Goodison Park,116343,3,2.0,,1000000.0,26.36,24.05,231087,231087.0,247461.0,245443.0,231087.0,231087,245443,231087.0,Balanced,51,51,,,,,,Long Ball,Direct Passing,51,3,3,3,,,,,,,,
116018,/team/116018/reading-w/230002,23,2,2022-09-26,Reading W,2216,Women's Super League,1,14,England,75,76,75,76,32431137,Molton Road (Sheldon Stadium),116014,3,2.0,,1000000.0,28.0,26.57,245876,265352.0,265352.0,265354.0,265352.0,227251,265354,265352.0,Balanced,51,51,,,,,,Long Ball,Direct Passing,51,3,3,3,,,,,,,,
116040,/team/116040/stade-de-reims-w/230002,23,2,2022-09-26,Stade de Reims W,2218,Feminine Division 1,1,18,France,75,72,76,74,37296301,468,116037,3,2.0,,1000000.0,21.64,21.3,265901,265901.0,265901.0,265901.0,265901.0,265901,265901,265901.0,Pressure On Heavy Touch,51,51,,,,,,Balanced,Balanced,51,5,3,3,,,,,,,,
116428,/team/116428/iceland-w/230002,23,2,2022-09-26,Iceland W,2136,World Cup Women,,24,Iceland,75,74,77,74,37265250,Euro Arena,113007,1,,,,27.55,25.7,241844,264891.0,264891.0,264891.0,264891.0,241844,264891,269658.0,Balanced,51,51,,,,,,Long Ball,Direct Passing,51,3,3,3,,,,,,,,
113001,/team/113001/china-w/230002,23,2,2022-09-26,China W,2136,World Cup Women,,155,China PR,74,80,74,74,37614418,Stadion Olympik,113002,5,,,,27.18,27.0,226917,226917.0,226917.0,226917.0,226917.0,226360,226917,226932.0,Balanced,41,51,,,,,,Balanced,Balanced,61,3,3,3,,,,,,,,
113010,/team/113010/mexico-w/230002,23,2,2022-09-26,Mexico W,2136,World Cup Women,,83,Mexico,74,74,74,74,37430277,Stadion Olympik,113009,3,,,,26.27,25.48,227466,227466.0,227466.0,241224.0,227466.0,227452,227466,227466.0,Pressure On Heavy Touch,61,71,,,,,,Balanced,Balanced,61,4,3,3,,,,,,,,
116038,/team/116038/bordeaux-w/230002,23,2,2022-09-26,Bordeaux W,2218,Feminine Division 1,1,18,France,74,73,75,73,19282261,Town Park,116041,3,2.0,,1000000.0,24.55,24.6,265855,265860.0,265859.0,265860.0,265860.0,267673,265860,265860.0,Pressure On Heavy Touch,51,61,,,,,,Balanced,Balanced,51,3,3,3,,,,,,,,
116042,/team/116042/guingamp-w/230002,23,2,2022-09-26,Guingamp W,2218,Feminine Division 1,1,18,France,74,78,75,74,94451,469,116041,3,2.0,,1000000.0,23.64,22.6,267661,267661.0,267661.0,267661.0,267661.0,231349,267661,267661.0,Balanced,51,51,,,,,,Fast Build Up,Forward Runs,51,3,3,3,,,,,,,,
113996,/team/113996/argentina-w/230002,23,2,2022-09-26,Argentina W,2136,World Cup Women,,52,Argentina,73,75,72,73,37612238,El Monumento (Estadio Latino),112999,2,,,,28.09,27.83,246355,246359.0,246357.0,246359.0,246359.0,246367,246359,246359.0,Balanced,41,61,,,,,,Fast Build Up,Forward Runs,51,3,3,3,,,,,,,,
115682,/team/115682/portugal-w/230002,23,2,2022-09-26,Portugal W,2136,World Cup Women,,38,Portugal,73,74,73,73,35279766,Waldstadion (Fussballstadion),113012,1,,,,26.73,26.26,261830,261837.0,261833.0,261837.0,261837.0,261837,261837,261837.0,Balanced,51,61,,,,,,Balanced,Balanced,61,4,3,3,,,,,,,,
116020,/team/116020/leicester-city-w/230002,23,2,2022-09-26,Leicester City W,2216,Women's Super League,1,14,England,73,73,73,73,37342910,King Power Stadium,116015,3,2.0,,1000000.0,25.27,24.52,242829,265225.0,265225.0,265225.0,265225.0,265226,265225,265225.0,Balanced,41,37,,,,,,Long Ball,Direct Passing,41,4,3,3,,,,,,,,
116039,/team/116039/dijon-w/230002,23,2,2022-09-26,Dijon W,2218,Feminine Division 1,1,18,France,73,71,75,74,37578659,468,116040,3,2.0,,1000000.0,25.27,25.15,265875,265878.0,265878.0,265878.0,265878.0,265961,265878,265878.0,Balanced,51,51,,,,,,Fast Build Up,Forward Runs,51,4,3,3,,,,,,,,
116343,/team/116343/liverpool-w/230002,23,2,2022-09-26,Liverpool W,2216,Women's Super League,1,14,England,73,75,72,73,32431158,Anfield,116016,3,2.0,,1000000.0,28.09,26.35,266913,266915.0,266912.0,266918.0,266915.0,226350,266918,266916.0,Pressure On Heavy Touch,51,51,,,,,,Fast Build Up,Forward Runs,51,4,3,3,,,,,,,,
116416,/team/116416/le-havre-w/230002,23,2,2022-09-26,Le Havre W,2218,Feminine Division 1,1,18,France,72,74,72,72,37615657,Waldstadion (Fussballstadion),116042,3,2.0,,1000000.0,26.27,25.5,269211,269211.0,269211.0,269211.0,269211.0,269216,269211,269211.0,Balanced,51,51,,,,,,Balanced,Balanced,51,3,3,3,,,,,,,,
116041,/team/116041/soyaux-w/230002,23,2,2022-09-26,Soyaux W,2218,Feminine Division 1,1,18,France,71,70,71,69,37667852,468,116038,3,2.0,,1000000.0,25.27,24.43,258705,265915.0,265915.0,265915.0,265915.0,265915,265915,265915.0,Pressure On Heavy Touch,51,41,,,,,,Long Ball,Direct Passing,51,4,3,3,,,,,,,,
116386,/team/116386/rodez-w/230002,23,2,2022-09-26,Rodez W,2218,Feminine Division 1,1,18,France,70,72,70,70,37617776,Molton Road (Sheldon Stadium),116416,3,2.0,,1000000.0,23.55,23.45,268649,265887.0,265887.0,265887.0,265887.0,268649,265887,265887.0,Balanced,51,51,,,,,,Long Ball,Direct Passing,51,4,3,3,,,,,,,,
113009,/team/113009/united-states/220002,22,2,2021-09-23,United States W,2136,World Cup Women,,95,United States,86,87,86,84,37350129,Lumen Field,113000,10,,,,30.91,29.48,226177,226328,226328.0,226328,226328,226328,226330,226328,Balanced,40,40,,,,,,Slow Build Up,Possession,40,4,3,3,,,,,,,,
113004,/team/113004/germany/220002,22,2,2021-09-23,Germany W,2136,World Cup Women,,21,Germany,83,84,84,81,35280557,Molton Road (Sheldon Stadium),113009,10,,,,26.55,25.52,226308,226308,226308.0,226308,226308,226308,226308,226308,Pressure On Heavy Touch,60,60,,,,,,Balanced,Balanced,60,6,3,3,,,,,,,,
113003,/team/113003/france/220002,22,2,2021-09-23,France W,2136,World Cup Women,,18,France,82,86,82,82,464820,Orange Vélodrome,113004,7,,,,27.82,26.78,227318,227331,227318.0,227331,227331,227331,227331,227350,Balanced,50,60,,,,,,Slow Build Up,Possession,60,5,3,3,,,,,,,,
113002,/team/113002/england/220002,22,2,2021-09-23,England W,2136,World Cup Women,,14,England,81,82,81,82,35280567,Wembley Stadium,113003,6,,,,26.45,27.3,226358,227254,227254.0,227255,227254,227270,227270,227254,Balanced,50,50,,,,,,Slow Build Up,Possession,50,3,3,3,,,,,,,,
113011,/team/113011/netherlands/220002,22,2,2021-09-23,Netherlands W,2136,World Cup Women,,37,Poland,81,84,82,78,455803,Johan Cruijff ArenA,113004,8,,,,27.0,26.78,233749,233747,233747.0,233747,233747,233747,233747,233747,Pressure On Heavy Touch,50,60,,,,,,Balanced,Balanced,50,6,3,3,,,,,,,,
113008,/team/113008/sweden/220002,22,2,2021-09-23,Sweden W,2136,World Cup Women,,46,Sweden,80,81,80,80,35279752,Stadion Neder,113007,8,,,,28.91,27.96,226975,226987,226987.0,226987,226987,233364,226987,226987,Pressure On Heavy Touch,60,50,,,,,,Balanced,Balanced,70,3,3,3,,,,,,,,
112999,/team/112999/brazil/220002,22,2,2021-09-23,Brazil W,2136,World Cup Women,,54,Brazil,79,82,79,79,37469773,O Dromo,113009,8,,,,31.18,30.91,245194,245206,245206.0,245206,245206,245205,245194,245206,Balanced,50,50,,,,,,Slow Build Up,Possession,60,4,3,3,,,,,,,,
113000,/team/113000/canada/220002,22,2,2021-09-23,Canada W,2136,World Cup Women,,70,Canada,79,78,78,78,37428117,BC Place Stadium,113009,7,,,,28.73,27.87,226359,226359,226359.0,226359,226359,226359,226359,226359,Balanced,70,50,,,,,,Balanced,Balanced,70,3,3,3,,,,,,,,
112998,/team/112998/australia/220002,22,2,2021-09-23,Australia,2136,World Cup Women,,195,Australia,78,79,78,79,37303727,Eastpoint Arena (Football Ground),113258,5,,,,27.73,25.57,227125,227113,227113.0,227113,227113,227125,227119,227119,Balanced,60,50,,,,,,Balanced,Balanced,70,3,3,3,,,,,,,,
113012,/team/113012/spain/220002,22,2,2021-09-23,Spain W,2136,World Cup Women,,45,Spain,78,79,78,78,35279765,Wanda Metropolitano,113003,4,,,,26.09,25.78,227190,227203,227203.0,227203,227203,227192,227192,227192,Press After Possession Loss,50,70,,,,,,Balanced,Balanced,60,4,3,3,,,,,,,,
113001,/team/113001/china-pr/220002,22,2,2021-09-23,China W,2136,World Cup Women,,155,China PR,77,79,76,78,466607,Stadion Olympik,113002,5,,,,27.82,28.22,226922,226917,226917.0,226917,226917,226915,226917,226917,Balanced,40,50,,,,,,Balanced,Balanced,60,3,3,3,,,,,,,,
113007,/team/113007/norway/220002,22,2,2021-09-23,Norway W,2136,World Cup Women,,36,Norway,77,74,80,75,37357800,Eastpoint Arena (Football Ground),113008,5,,,,25.55,25.74,227282,227102,227102.0,227102,227102,227102,227102,227323,Pressure On Heavy Touch,50,60,,,,,,Fast Build Up,Forward Runs,50,5,3,3,,,,,,,,
113984,/team/113984/scotland/220002,22,2,2021-09-23,Scotland W,2136,World Cup Women,,42,Scotland,76,76,78,76,37296295,Stadion Olympik,113002,2,,,,28.55,28.74,245875,245879,245879.0,245879,245879,245872,245872,245872,Balanced,60,40,,,,,,Fast Build Up,Forward Runs,80,3,3,3,,,,,,,,
113258,/team/113258/new-zealand/220002,22,2,2021-09-23,New Zealand,2136,World Cup Women,,198,New Zealand,74,71,74,77,37524489,Arena d'Oro,112998,2,,,,28.55,27.22,233343,233338,233343.0,233343,233338,233343,233343,233343,Balanced,50,40,,,,,,Fast Build Up,Forward Runs,50,3,3,3,,,,,,,,
113394,/team/113394/belgium-women/220002,22,2,2021-09-23,Belgium W,2136,World Cup Women,,7,Belgium,74,78,73,73,37350128,Town Park,113011,1,10.0,0.0,0.0,27.64,25.61,261781,261781,261791.0,261781,261791,261781,261781,261788,Balanced,50,50,,,,,,Fast Build Up,Forward Runs,60,3,3,3,,,,,,,,
115682,/team/115682/portugal-women/220002,22,2,2021-09-23,Portugal W,2136,World Cup Women,,38,Portugal,73,72,73,74,35279766,Waldstadion (Fussballstadion),113012,1,10.0,0.0,0.0,27.64,25.26,261836,261836,261833.0,261836,261836,261836,261830,261830,Balanced,50,60,,,,,,Balanced,Balanced,60,3,3,3,,,,,,,,
113010,/team/113010/mexico/220002,22,2,2021-09-23,Mexico W,2136,World Cup Women,,83,Mexico,72,73,73,72,,Estadio Azteca,113009,3,,,,24.45,24.3,227452,227466,227466.0,227466,227466,261093,227466,227466,Pressure On Heavy Touch,60,70,,,,,,Fast Build Up,Forward Runs,60,4,3,3,,,,,,,,
113009,/team/113009/united-states/210002,21,2,2020-09-23,United States W,2136,World Cup Women,,95,United States,86,88,85,84,37350129,Lumen Field,113000,10,,,,30.27,29.3,226324,226324,226324.0,226324,226324,226324,226330,226330,Balanced,4,4,,,,,Balanced,,,4,4,3,3,,,,,,,,
113004,/team/113004/germany/210002,21,2,2020-09-23,Germany W,2136,World Cup Women,,21,Germany,82,84,83,81,35280557,BayArena,113009,10,,,,25.18,25.7,226302,226308,226308.0,226308,226308,226308,226308,226308,Pressure On Heavy Touch,6,6,,,,,Balanced,,,6,6,3,3,,,,,,,,
113002,/team/113002/england/210002,21,2,2020-09-23,England W,2136,World Cup Women,,14,England,81,81,81,83,35280567,Wembley Stadium,113003,6,,,,27.82,27.43,226358,226358,227254.0,226358,226358,227255,235659,227254,Balanced,5,5,,,,,Balanced,,,5,3,3,3,,,,,,,,
113003,/team/113003/france/210002,21,2,2020-09-23,France W,2136,World Cup Women,,18,France,81,85,81,82,464820,Parc des Princes,113002,7,,,,26.82,25.91,227318,227350,227318.0,227350,227350,227331,227331,227350,Balanced,5,6,,,,,Balanced,,,6,5,3,3,,,,,,,,
113011,/team/113011/netherlands/210002,21,2,2020-09-23,Netherlands W,2136,World Cup Women,,37,Poland,81,82,84,79,455803,Johan Cruijff ArenA,113004,8,,,,27.0,25.7,233749,233747,233747.0,233747,233747,233747,233747,233747,Pressure On Heavy Touch,5,6,,,,,Balanced,,,5,6,3,3,,,,,,,,
112998,/team/112998/australia/210002,21,2,2020-09-23,Australia,2136,World Cup Women,,195,Australia,79,80,78,78,37303727,Eastpoint Arena (Football Ground),113258,5,,,,26.73,26.96,227125,227112,227109.0,227109,227112,227125,227112,227112,Balanced,7,5,,,,,Balanced,,,7,3,3,3,,,,,,,,
112999,/team/112999/brazil/210002,21,2,2020-09-23,Brazil W,2136,World Cup Women,,54,Brazil,79,82,78,80,37469773,O Dromo,113009,8,,,,30.91,31.3,245204,245205,245206.0,245205,245206,245205,245194,245194,Balanced,5,5,,,,,Balanced,,,5,4,3,3,,,,,,,,
113006,/team/113006/japan-women/210002,21,2,2020-09-23,Japan Women,2136,World Cup Women,,163,Japan,79,78,79,80,37347540,Panasonic Stadium Suita,113009,8,,,,25.91,24.43,226997,227030,227030.0,227030,227030,227018,227030,227030,Balanced,5,7,,,,,Balanced,,,4,5,3,3,,,,,,,,
113008,/team/113008/sweden/210002,21,2,2020-09-23,Sweden W,2136,World Cup Women,,46,Sweden,79,80,79,78,35279752,Stadion Neder,113007,8,,,,29.55,27.43,226975,226968,226968.0,226968,226968,233364,226987,226987,Pressure On Heavy Touch,6,5,,,,,Balanced,,,7,3,3,3,,,,,,,,
113000,/team/113000/canada/210002,21,2,2020-09-23,Canada W,2136,World Cup Women,,70,Canada,78,77,80,77,37428117,BC Place Stadium,113009,7,,,,28.09,27.74,226359,227405,227405.0,227405,227405,226359,227405,227405,Balanced,7,5,,,,,Balanced,,,7,3,3,3,,,,,,,,
113001,/team/113001/china-pr/210002,21,2,2020-09-23,China W,2136,World Cup Women,,155,China PR,77,78,76,77,466607,Stadion Olympik,113006,5,,,,27.36,26.91,226922,226360,226360.0,226360,226360,226913,226360,226917,Balanced,4,5,,,,,Balanced,,,6,3,3,3,,,,,,,,
113007,/team/113007/norway/210002,21,2,2020-09-23,Norway W,2136,World Cup Women,,36,Norway,77,78,76,79,37357800,Stadion Europa (Generic Europe 2),113008,4,,,,25.55,26.17,227282,227102,227102.0,227102,227102,227102,227102,227323,Pressure On Heavy Touch,5,6,,,,,Long Ball,,,5,5,3,3,,,,,,,,
113012,/team/113012/spain/210002,21,2,2020-09-23,Spain W,2136,World Cup Women,,45,Spain,77,78,76,79,35279765,Wanda Metropolitano,113003,4,,,,26.64,25.35,227190,227203,227203.0,227203,227203,227192,227203,227203,Pressure On Heavy Touch,5,6,,,,,Balanced,,,6,4,3,3,,,,,,,,
113984,/team/113984/scotland/210002,21,2,2020-09-23,Scotland W,2136,World Cup Women,,42,Scotland,77,78,78,77,37296295,Stadion Olympik,113002,2,,,,27.55,27.74,245875,245879,245879.0,245879,245879,245872,245872,245872,Balanced,6,4,,,,,Long Ball,,,8,3,3,3,,,,,,,,
113258,/team/113258/new-zealand/210002,21,2,2020-09-23,New Zealand,2136,World Cup Women,,198,New Zealand,75,72,76,77,37524489,Arena d'Oro,112998,2,,,,27.73,26.22,233343,233343,233343.0,233343,233343,233343,233343,233343,Balanced,4,4,,,,,Long Ball,,,4,3,3,3,,,,,,,,
113010,/team/113010/mexico/210002,21,2,2020-09-23,Mexico W,2136,World Cup Women,,83,Mexico,74,74,73,74,,Estadio Azteca,113009,3,,,,25.45,25.96,227452,227466,227466.0,227466,227466,242806,227466,227466,Pressure On Heavy Touch,7,7,,,,,Long Ball,,,6,4,3,3,,,,,,,,
113009,/team/113009/united-states/200002,20,2,2019-09-19,United States W,2136,World Cup Women,,95,United States,85,87,86,83,37350129,Lumen Field,113000,10,,,,29.82,29.57,226301,226328,226328.0,226328,226328,226301,226328,226328,Balanced,4,4,,,,,Possession,,,4,4,3,3,,,,,,,,
113004,/team/113004/germany/200002,20,2,2019-09-19,Germany W,2136,World Cup Women,,21,Germany,83,84,83,80,35280557,BORUSSIA-PARK,113009,10,,,,26.18,25.22,226302,226308,226308.0,226308,226308,226308,226308,226308,Press After Possession Loss,5,6,,,,,Possession,,,6,6,3,3,,,,,,,,
113002,/team/113002/england/200002,20,2,2019-09-19,England W,2136,World Cup Women,,14,England,82,81,82,82,35280567,Wembley Stadium,113003,6,,,,28.18,26.91,226358,226358,226358.0,226358,226358,226358,227255,235659,Balanced,5,5,,,,,Possession,,,5,3,3,3,,,,,,,,
113003,/team/113003/france/200002,20,2,2019-09-19,France W,2136,World Cup Women,,18,France,81,78,83,82,464820,Parc des Princes,113002,7,,,,27.91,26.3,227318,227331,227318.0,227331,227331,227331,227326,227350,Press After Possession Loss,5,6,,,,,Possession,,,6,5,3,3,,,,,,,,
113011,/team/113011/netherlands/200002,20,2,2019-09-19,Netherlands W,2136,World Cup Women,,37,Poland,81,85,83,79,455803,Johan Cruijff ArenA,113004,8,,,,26.0,25.52,233749,233747,233747.0,233747,233747,233747,233747,233747,Press After Possession Loss,5,6,,,,,Balanced,,,5,6,3,3,,,,,,,,
113006,/team/113006/japan-women/200002,20,2,2019-09-19,Japan Women,2136,World Cup Women,,163,Japan,80,83,78,81,37347540,Panasonic Stadium Suita,113009,8,,,,24.82,24.09,226997,227030,227030.0,227030,227030,227018,227030,227030,Balanced,5,7,,,,,Possession,,,4,5,3,3,,,,,,,,
112998,/team/112998/australia/200002,20,2,2019-09-19,Australia,2136,World Cup Women,,195,Australia,79,81,80,78,37303727,Eastpoint Arena (Football Ground),113258,5,,,,25.73,26.26,227125,227112,227109.0,227109,227112,227125,227112,227112,Balanced,7,5,,,,,Balanced,,,7,3,3,3,,,,,,,,
112999,/team/112999/brazil/200002,20,2,2019-09-19,Brazil W,2136,World Cup Women,,54,Brazil,79,81,79,79,37469773,O Dromo,113009,8,,,,29.55,30.3,245205,245205,245205.0,245205,245205,245205,245205,245205,Balanced,5,5,,,,,Balanced,,,5,4,3,3,,,,,,,,
113000,/team/113000/canada/200002,20,2,2019-09-19,Canada W,2136,World Cup Women,,70,Canada,79,77,80,76,37428117,BC Place Stadium,113009,7,,,,27.18,26.96,226359,227405,227405.0,227405,227405,226359,227405,227405,Balanced,7,5,,,,,Balanced,,,7,3,3,3,,,,,,,,
113008,/team/113008/sweden/200002,20,2,2019-09-19,Sweden W,2136,World Cup Women,,46,Sweden,79,79,82,78,35279752,Stadion Neder,113007,8,,,,29.0,26.57,226975,226968,226968.0,226968,226968,226987,226987,226987,Press After Possession Loss,6,5,,,,,Balanced,,,7,3,3,3,,,,,,,,
113012,/team/113012/spain/200002,20,2,2019-09-19,Spain W,2136,World Cup Women,,45,Spain,78,78,78,77,35279765,Wanda Metropolitano,113003,4,,,,25.91,24.78,227190,227203,227203.0,227203,227203,227192,227203,227195,Press After Possession Loss,5,6,,,,,Balanced,,,6,4,3,3,,,,,,,,
113001,/team/113001/china-pr/200002,20,2,2019-09-19,China W,2136,World Cup Women,,155,China PR,77,79,77,77,466607,Stadion Olympik,113006,5,,,,26.36,25.91,226922,226360,226360.0,226360,226360,226913,226360,226917,Balanced,4,5,,,,,Balanced,,,6,3,3,3,,,,,,,,
113007,/team/113007/norway/200002,20,2,2019-09-19,Norway W,2136,World Cup Women,,36,Norway,77,74,78,77,37357800,Stadion Europa (Generic Europe 2),113008,4,,,,27.09,25.35,227282,227102,227102.0,227102,227102,227102,227102,227102,Press After Possession Loss,5,6,,,,,Long Ball,,,5,5,3,3,,,,,,,,
113984,/team/113984/scotland/200002,20,2,2019-09-19,Scotland W,2136,World Cup Women,,42,Scotland,76,76,77,76,37296295,Stadion Olympik,113002,2,,,,26.27,27.0,245875,245879,245879.0,245879,245879,245872,245872,245872,Balanced,6,4,,,,,Long Ball,,,8,3,3,3,,,,,,,,
113258,/team/113258/new-zealand/200002,20,2,2019-09-19,New Zealand,2136,World Cup Women,,198,New Zealand,75,74,74,77,37524489,Arena d'Oro,112998,2,,,,27.36,26.39,233343,233343,233343.0,233343,233343,233343,233343,233343,Pressure On Heavy Touch,4,4,,,,,Possession,,,4,3,3,3,,,,,,,,
113010,/team/113010/mexico/200002,20,2,2019-09-19,Mexico W,2136,World Cup Women,,83,Mexico,74,76,73,74,,Estadio Azteca,113009,3,,,,26.0,24.65,227457,227466,227466.0,227457,227466,227457,227466,227466,Press After Possession Loss,7,7,,,,,Long Ball,,,7,5,3,3,,,,,,,,
113009,/team/113009/united-states/190002,19,2,2018-08-21,United States W,2136,World Cup Women,,95,United States,82,85,80,79,37350129,Lumen Field,113000,10,,,,27.27,28.04,226301,226328,226328.0,226328,226328,226301,226328,226328,Balanced,3,3,46,45,38,Offside Trap,Possession,,,3,4,3,3,37,51,38,Free Form,32,32,32,Free Form
113004,/team/113004/germany/190002,19,2,2018-08-21,Germany W,2136,World Cup Women,,21,Germany,80,79,81,76,35280557,BORUSSIA-PARK,113009,10,,,,24.73,25.0,226308,226308,226308.0,226308,226308,227734,226308,226308,Constant Pressure,5,6,67,61,51,Cover,Possession,,,6,5,3,3,36,35,37,Organised,31,41,41,Organised
112999,/team/112999/brazil/190002,19,2,2018-08-21,Brazil W,2136,World Cup Women,,54,Brazil,79,81,79,79,37469773,O Dromo,113009,8,,,,28.55,29.13,245205,245205,245205.0,245205,245205,245205,245205,245205,Balanced,5,5,43,35,53,Cover,Balanced,,,5,4,3,3,50,67,51,Organised,35,57,53,Organised
113002,/team/113002/england/190002,19,2,2018-08-21,England W,2136,World Cup Women,,14,England,79,77,79,81,35280567,Wembley Stadium,113003,6,,,,27.18,27.48,226358,226358,227257.0,226358,226358,227257,227257,227264,Balanced,5,5,44,37,49,Cover,Balanced,,,5,3,3,3,49,31,52,Organised,57,31,49,Organised
112998,/team/112998/australia/190002,19,2,2018-08-21,Australia,2136,World Cup Women,,195,Australia,78,78,80,75,37303727,Eastpoint Arena (Football Ground),113002,5,,,,25.45,25.57,227118,227112,227112.0,227112,227112,227117,227112,227112,Balanced,7,5,47,48,67,Cover,Balanced,,,7,3,3,3,50,52,50,Organised,68,52,67,Free Form
113003,/team/113003/france/190002,19,2,2018-08-21,France W,2136,World Cup Women,,18,France,78,73,79,77,464820,Parc des Princes,113002,7,,,,27.18,25.43,227318,227331,227318.0,227331,227331,227331,227331,227350,Balanced,6,6,47,31,39,Cover,Possession,,,6,5,3,3,39,53,39,Organised,39,59,59,Organised
113008,/team/113008/sweden/190002,19,2,2018-08-21,Sweden W,2136,World Cup Women,,46,Sweden,78,79,79,75,35279752,Stadion Neder,113007,8,,,,28.0,27.74,226975,226968,226968.0,226968,226968,226987,226987,226987,Pressure On Heavy Touch,6,5,74,53,33,Cover,Balanced,,,6,3,3,3,51,43,49,Organised,35,43,41,Organised
113011,/team/113011/netherlands/190002,19,2,2018-08-21,Netherlands W,2136,World Cup Women,,34,Netherlands,78,81,80,75,455803,Johan Cruijff ArenA,113004,8,,,,24.55,24.52,233749,233747,233747.0,233747,233747,233747,233747,233747,Constant Pressure,5,6,59,76,36,Cover,Long Ball,,,5,6,3,3,71,56,73,Organised,71,66,76,Organised
113000,/team/113000/canada/190002,19,2,2018-08-21,Canada W,2136,World Cup Women,,70,Canada,76,78,78,73,37428117,BC Place Stadium,113009,7,,,,27.18,26.48,226359,227405,227405.0,227405,227405,226359,227405,227405,Balanced,7,5,47,47,65,Cover,Balanced,,,7,3,3,3,52,39,53,Organised,67,39,65,Organised
113005,/team/113005/italy/190002,19,2,2018-08-21,Italy,2136,World Cup Women,,27,Italy,75,76,75,76,35279755,Stadio Olimpico,113003,4,,,,25.55,26.61,227098,245443,245443.0,245443,245443,227072,245443,245443,Balanced,3,3,49,49,52,Offside Trap,Long Ball,,,3,3,3,3,73,60,71,Organised,79,60,62,Organised
113012,/team/113012/spain/190002,19,2,2018-08-21,Spain W,2136,World Cup Women,,45,Spain,75,77,75,75,35279765,Wanda Metropolitano,113005,4,,,,25.36,24.96,227191,227203,227203.0,227203,227203,227192,227203,227195,Pressure On Heavy Touch,5,6,76,55,55,Cover,Balanced,,,7,3,3,3,53,45,53,Free Form,39,45,55,Organised
113007,/team/113007/norway/190002,19,2,2018-08-21,Norway W,2136,World Cup Women,,36,Norway,74,73,75,74,37357800,Stadion Europa (Generic Europe 2),113008,4,,,,26.55,25.13,227282,227282,227282.0,227282,227282,227102,227282,227282,Constant Pressure,5,6,58,78,48,Cover,Long Ball,,,5,5,3,3,67,58,72,Free Form,62,58,71,Organised
113258,/team/113258/new-zealand/190002,19,2,2018-08-21,New Zealand,2136,World Cup Women,,198,New Zealand,74,75,74,72,37524489,Arena d'Oro,112998,2,,,,25.36,24.3,233345,233345,233345.0,233345,233345,233345,233348,233348,Balanced,4,5,46,56,34,Cover,Balanced,,,4,3,3,3,50,42,52,Organised,56,42,34,Organised
113010,/team/113010/mexico/190002,19,2,2018-08-21,Mexico W,2136,World Cup Women,,83,Mexico,73,74,73,71,,Estadio Azteca,113009,3,,,,25.0,24.7,227452,227452,227451.0,227452,227452,227457,227466,227466,Constant Pressure,7,7,67,64,64,Cover,Long Ball,,,7,5,3,3,67,44,71,Free Form,71,44,78,Organised
113009,/team/113009/united-states/180002,18,2,2017-09-18,United States W,2136,World Cup Women,,95,United States,82,81,83,84,37350129,Lumen Field,113000,10,,,,28.64,27.0,226324,226324,226324.0,226324,226324,226324,226324,226324,,,,28,31,20,Offside Trap,,,,,,,,39,28,37,Free Form,39,49,49,Free Form
113004,/team/113004/germany/180002,18,2,2017-09-18,Germany W,2136,World Cup Women,,21,Germany,81,83,81,79,35280557,BORUSSIA-PARK,113009,10,,,,26.0,25.74,226308,226308,226308.0,226308,226308,226302,226308,226308,,,,66,67,47,Cover,,,,,,,,37,21,39,Organised,37,37,37,Organised
113003,/team/113003/france/180002,18,2,2017-09-18,France W,2136,World Cup Women,,18,France,80,81,80,81,464820,Parc des Princes,113002,7,,,,27.27,26.39,227316,227359,227324.0,227324,227359,227331,227324,227332,,,,46,54,60,Cover,,,,,,,,40,44,40,Organised,40,40,40,Organised
112999,/team/112999/brazil/180002,18,2,2017-09-18,Brazil W,2136,World Cup Women,,54,Brazil,79,85,81,77,37469773,O Dromo,113009,8,,,,27.18,27.22,226890,226888,226888.0,226888,226890,226890,226888,226890,,,,45,35,43,Cover,,,,,,,,52,69,51,Organised,35,39,43,Organised
113002,/team/113002/england/180002,18,2,2017-09-18,England W,2136,World Cup Women,,14,England,79,79,79,79,35280567,Wembley Stadium,113003,6,,,,27.0,27.91,226358,226358,227257.0,226358,226358,227257,227257,227264,,,,44,57,49,Cover,,,,,,,,49,31,52,Organised,57,31,49,Organised
113008,/team/113008/sweden/180002,18,2,2017-09-18,Sweden W,2136,World Cup Women,,46,Sweden,78,80,78,77,35279752,Stadion Neder,113007,8,,,,28.73,26.83,226975,226968,226968.0,226968,226968,226369,226987,226987,,,,48,65,58,Cover,,,,,,,,49,31,51,Organised,65,31,58,Organised
113011,/team/113011/netherlands/180002,18,2,2017-09-18,Netherlands W,2136,World Cup Women,,34,Netherlands,78,80,79,76,455803,Johan Cruijff ArenA,113004,8,,,,24.73,24.3,233747,233747,233747.0,233747,233747,233747,233747,233747,,,,58,62,44,Cover,,,,,,,,71,34,66,Organised,70,74,61,Organised
112998,/team/112998/australia/180002,18,2,2017-09-18,Australia,2136,World Cup Women,,195,Australia,77,80,79,75,37303727,Eastpoint Arena (Football Ground),113258,5,,,,24.45,24.26,227118,227112,227112.0,227112,227112,227117,227112,227112,,,,47,68,67,Cover,,,,,,,,50,52,50,Organised,68,52,67,Free Form
113001,/team/113001/china-pr/180002,18,2,2017-09-18,China W,2136,World Cup Women,,155,China PR,77,78,76,78,466607,Stadion Olympik,112998,5,,,,26.27,25.78,226908,226910,226959.0,226910,226910,226912,226913,226913,,,,48,60,39,Cover,,,,,,,,52,44,52,Organised,60,74,39,Organised
113000,/team/113000/canada/180002,18,2,2017-09-18,Canada W,2136,World Cup Women,,70,Canada,75,72,81,72,37428117,BC Place Stadium,113009,7,,,,26.64,26.11,226359,226359,227405.0,226359,227405,226359,227405,227405,,,,46,58,69,Cover,,,,,,,,50,52,52,Organised,58,52,69,Organised
113012,/team/113012/spain/180002,18,2,2017-09-18,Spain W,2136,World Cup Women,,45,Spain,75,77,76,74,35279765,Wanda Metropolitano,113005,4,,,,25.09,24.7,227191,227203,227193.0,227203,227203,227192,227203,227201,,,,45,51,34,Cover,,,,,,,,53,35,52,Organised,51,35,34,Organised
113005,/team/113005/italy/180002,18,2,2017-09-18,Italy,2136,World Cup Women,,27,Italy,74,74,74,73,35279755,Stadio Olimpico,113003,4,,,,26.09,26.61,227067,228164,227062.0,228164,228164,227072,227062,227062,,,,27,29,21,Offside Trap,,,,,,,,51,53,52,Organised,47,53,54,Organised
113007,/team/113007/norway/180002,18,2,2017-09-18,Norway W,2136,World Cup Women,,36,Norway,74,76,74,72,37357800,Stadion Europa (Generic Europe 2),113008,4,,,,26.0,24.09,227282,227282,227286.0,227282,227282,227102,227282,227282,,,,58,50,48,Cover,,,,,,,,67,58,72,Free Form,62,58,71,Organised
113010,/team/113010/mexico/180002,18,2,2017-09-18,Mexico W,2136,World Cup Women,,83,Mexico,72,77,74,71,,Estadio Azteca,113009,3,,,,25.55,26.17,227451,227460,227456.0,227456,227460,227457,227456,227460,,,,45,42,65,Cover,,,,,,,,49,46,53,Organised,42,76,65,Organised
113258,/team/113258/new-zealand/180002,18,2,2017-09-18,New Zealand,2136,World Cup Women,,198,New Zealand,72,73,72,72,37524489,Arena d'Oro,112998,2,,,,26.18,26.17,233343,233338,233338.0,233338,233338,233345,233338,233338,,,,46,56,34,Cover,,,,,,,,50,42,52,Organised,56,42,34,Organised
113009,/team/113009/united-states/170002,17,2,2016-09-20,United States W,2136,World Cup Women,,95,United States,83,82,83,84,37350129,Lumen Field,113000,10,,,,27.45,27.48,226324,226324,226324.0,226324,226324,226324,226324,226324,,,,55,45,50,Cover,,,,,,,,45,48,39,Free Form,46,64,53,Organised
113003,/team/113003/france/170002,17,2,2016-09-20,France W,2136,World Cup Women,,18,France,81,83,81,80,464820,Parc des Princes,113002,7,,,,26.0,25.91,227316,227324,227350.0,227324,227324,227331,227332,227350,,,,58,58,62,Cover,,,,,,,,54,54,39,Organised,53,64,63,Organised
113004,/team/113004/germany/170002,17,2,2016-09-20,Germany W,2136,World Cup Women,,21,Germany,80,83,81,79,35280557,BORUSSIA-PARK,113009,10,,,,25.27,25.13,226312,226308,226308.0,226308,226308,226312,226308,226308,,,,51,53,55,Cover,,,,,,,,48,47,36,Organised,54,45,66,Organised
112999,/team/112999/brazil/170002,17,2,2016-09-20,Brazil W,2136,World Cup Women,,54,Brazil,79,85,81,77,37469773,O Dromo,113009,8,,,,27.73,26.61,226890,226890,226890.0,226890,226890,226890,226887,226890,,,,47,57,54,Cover,,,,,,,,67,58,64,Organised,63,37,55,Organised
113002,/team/113002/england/170002,17,2,2016-09-20,England W,2136,World Cup Women,,14,England,79,78,78,79,35280567,Wembley Stadium,113003,6,,,,27.91,27.7,226358,226358,227271.0,226358,226358,227271,227271,227254,,,,37,41,37,Cover,,,,,,,,53,42,57,Organised,48,39,49,Organised
113008,/team/113008/sweden/170002,17,2,2016-09-20,Sweden W,2136,World Cup Women,,46,Sweden,79,78,80,77,35279752,Stadion Neder,113007,8,,,,28.0,26.39,226975,226968,226968.0,226968,226968,226369,226976,226998,,,,44,47,52,Cover,,,,,,,,37,38,39,Organised,40,53,46,Organised
112998,/team/112998/australia/170002,17,2,2016-09-20,Australia,2136,World Cup Women,,195,Australia,77,77,80,75,37303727,Eastpoint Arena (Football Ground),113001,5,,,,24.45,24.43,227111,227112,227112.0,227112,227112,227124,227112,227112,,,,55,65,40,Cover,,,,,,,,65,55,44,Organised,65,44,58,Free Form
113000,/team/113000/canada/170002,17,2,2016-09-20,Canada W,2136,World Cup Women,,70,Canada,77,77,81,73,37428117,BC Place Stadium,113009,7,,,,30.0,28.65,226359,227405,227405.0,227405,227405,226359,227405,227405,,,,64,64,43,Cover,,,,,,,,43,44,46,Organised,43,60,54,Organised
113001,/team/113001/china-pr/170002,17,2,2016-09-20,China W,2136,World Cup Women,,155,China PR,77,78,76,78,466607,Stadion Olympik,112998,5,,,,25.27,24.91,226908,226910,226959.0,226910,226910,226912,226913,226913,,,,46,39,53,Cover,,,,,,,,48,54,50,Organised,52,41,52,Organised
113007,/team/113007/norway/170002,17,2,2016-09-20,Norway W,2136,World Cup Women,,36,Norway,77,80,77,76,37357800,Stadion Europa (Generic Europe 2),113008,4,,,,25.18,25.91,227282,227310,227282.0,227310,227310,227310,227102,227102,,,,41,41,41,Cover,,,,,,,,41,41,41,Organised,41,41,41,Organised
113011,/team/113011/netherlands/170002,17,2,2016-09-20,Netherlands W,2136,World Cup Women,,34,Netherlands,76,78,77,73,455803,Johan Cruijff ArenA,113004,8,,,,23.27,23.35,226363,233747,233747.0,233747,233747,233746,233747,233747,,,,56,55,43,Cover,,,,,,,,54,41,38,Organised,46,42,53,Organised
113012,/team/113012/spain/170002,17,2,2016-09-20,Spain W,2136,World Cup Women,,45,Spain,75,76,76,74,35279765,Estadio Mestalla,113005,4,,,,25.27,26.74,226368,226368,226368.0,226368,226368,226368,226368,226368,,,,43,43,65,Cover,,,,,,,,50,39,41,Organised,54,58,61,Organised
113005,/team/113005/italy/170002,17,2,2016-09-20,Italy,2136,World Cup Women,,27,Italy,74,75,74,74,35279755,Stadio Olimpico,113003,4,,,,26.64,26.39,227063,227058,227058.0,227058,227058,227063,227078,227058,,,,56,40,54,Offside Trap,,,,,,,,68,53,70,Organised,55,69,50,Organised
113010,/team/113010/mexico/170002,17,2,2016-09-20,Mexico W,2136,World Cup Women,,83,Mexico,72,78,74,71,,Estadio Azteca,113009,3,,,,25.55,25.74,227451,227460,227456.0,227456,227460,226366,227456,227460,,,,34,39,37,Cover,,,,,,,,63,39,64,Organised,61,30,49,Organised
113009,/team/113009/united-states/160002,16,2,2015-09-21,United States W,2136,World Cup Women,,95,United States,84,86,84,83,37350129,Lumen Field,113000,20,,,,28.36,28.96,226324,226328,226328.0,226328,226328,226324,226328,226328,,,,55,45,50,Cover,,,,,,,,45,48,39,Free Form,46,64,53,Organised
113004,/team/113004/germany/160002,16,2,2015-09-21,Germany W,2136,World Cup Women,,21,Germany,81,85,79,80,35280557,Olympiastadion,113009,20,,,,26.18,25.78,227299,226308,226308.0,226308,226308,226312,226308,226308,,,,51,53,55,Cover,,,,,,,,48,47,36,Organised,54,45,66,Organised
113003,/team/113003/france/160002,16,2,2015-09-21,France W,2136,World Cup Women,,18,France,80,82,82,78,464820,Parc des Princes,113002,14,,,,27.55,26.09,227316,226362,226362.0,226362,226362,226362,226362,226362,,,,56,58,62,Cover,,,,,,,,54,54,42,Organised,53,64,63,Organised
112999,/team/112999/brazil/160002,16,2,2015-09-21,Brazil W,2136,World Cup Women,,54,Brazil,78,84,79,75,37469773,O Dromo,113009,17,,,,26.55,26.7,226890,226890,226888.0,226890,226890,226890,226890,226888,,,,47,57,54,Cover,,,,,,,,67,58,64,Organised,63,37,55,Organised
113002,/team/113002/england/160002,16,2,2015-09-21,England W,2136,World Cup Women,,14,England,78,76,76,77,35280567,Wembley Stadium,113003,13,,,,26.91,26.91,226358,226358,227271.0,226358,226358,227271,227271,227254,,,,37,41,37,Cover,,,,,,,,53,42,57,Organised,48,39,49,Organised
113008,/team/113008/sweden/160002,16,2,2015-09-21,Sweden W,2136,World Cup Women,,46,Sweden,77,80,77,75,35279752,Stadion Neder,113004,16,,,,26.91,27.04,226975,226968,226968.0,226968,226968,226369,226983,226988,,,,38,47,52,Cover,,,,,,,,37,38,39,Organised,40,53,46,Organised
112998,/team/112998/australia/160002,16,2,2015-09-21,Australia,2136,World Cup Women,,195,Australia,76,75,77,74,37303727,Eastpoint Arena (Football Ground),113001,11,,,,23.18,23.96,227117,227113,227122.0,227113,227113,227113,227113,227112,,,,55,65,40,Cover,,,,,,,,65,55,44,Organised,65,44,58,Free Form
113000,/team/113000/canada/160002,16,2,2015-09-21,Canada W,2136,World Cup Women,,70,Canada,76,76,80,74,37428117,BC Place Stadium,113009,15,,,,28.73,28.74,226359,226359,227405.0,226359,226359,226359,227405,227405,,,,64,64,43,Cover,,,,,,,,43,44,46,Organised,43,60,54,Organised
113001,/team/113001/china-pr/160002,16,2,2015-09-21,China W,2136,World Cup Women,,155,China PR,76,76,74,77,466607,Stadion Olympik,112998,10,,,,23.82,23.7,226922,226931,226931.0,226931,226931,226912,226931,226931,,,,46,39,53,Cover,,,,,,,,44,54,42,Organised,52,41,52,Organised
113012,/team/113012/spain/160002,16,2,2015-09-21,Spain W,2136,World Cup Women,,45,Spain,74,74,74,73,35279765,Estadio Mestalla,113005,8,,,,26.27,25.39,226368,227189,226368.0,227189,227189,226368,226368,227189,,,,45,35,50,Cover,,,,,,,,50,50,35,Organised,50,50,65,Organised
113005,/team/113005/italy/160002,16,2,2015-09-21,Italy,2136,World Cup Women,,27,Italy,73,73,72,73,35279755,Stadio Olimpico,113003,9,,,,25.64,25.26,227063,227058,227058.0,227058,227058,227063,227078,227058,,,,56,40,54,Offside Trap,,,,,,,,68,53,70,Organised,55,69,50,Organised
113010,/team/113010/mexico/160002,16,2,2015-09-21,Mexico W,2136,World Cup Women,,83,Mexico,72,77,72,70,,Estadio Azteca,113009,7,,,,23.91,24.65,227451,227460,227456.0,227460,227460,227457,227456,227460,,,,34,39,37,Cover,,,,,,,,63,39,64,Organised,61,23,49,Organised
